{
  "Total" : {
    "transaction" : "Total",
    "sampleCount" : 100,
    "errorCount" : 100,
    "errorPct" : 100.0,
    "meanResTime" : 0.9099999999999998,
    "medianResTime" : 1.0,
    "minResTime" : 0.0,
    "maxResTime" : 2.0,
    "pct1ResTime" : 1.9000000000000057,
    "pct2ResTime" : 2.0,
    "pct3ResTime" : 2.0,
    "throughput" : 20.177562550443906,
    "receivedKBytesPerSec" : 7.299390889830508,
    "sentKBytesPerSec" : 6.009918533091202
  },
  "HTTP Request" : {
    "transaction" : "HTTP Request",
    "sampleCount" : 100,
    "errorCount" : 100,
    "errorPct" : 100.0,
    "meanResTime" : 0.9099999999999998,
    "medianResTime" : 1.0,
    "minResTime" : 0.0,
    "maxResTime" : 2.0,
    "pct1ResTime" : 1.9000000000000057,
    "pct2ResTime" : 2.0,
    "pct3ResTime" : 2.0,
    "throughput" : 20.177562550443906,
    "receivedKBytesPerSec" : 7.299390889830508,
    "sentKBytesPerSec" : 6.009918533091202
  }
}